file,line,type,commit,author,date,time,timezone,datetime,depth,length
style.css,1,css,00000000,Not Committed Yet,2025-02-14,21:25:56,-08:00,2025-02-14T21:25:56-08:00,0,28
style.css,2,css,00000000,Not Committed Yet,2025-02-14,21:25:56,-08:00,2025-02-14T21:25:56-08:00,0,24
style.css,3,css,00000000,Not Committed Yet,2025-02-14,21:25:56,-08:00,2025-02-14T21:25:56-08:00,0,29
style.css,4,css,573d2f47,iamangeldi,2025-01-17,19:00:49,-08:00,2025-01-17T19:00:49-08:00,0,6
style.css,5,css,573d2f47,iamangeldi,2025-01-17,19:00:49,-08:00,2025-01-17T19:00:49-08:00,0,32
style.css,6,css,f5996d8a,iamangeldi,2025-01-24,19:05:31,-08:00,2025-01-24T19:05:31-08:00,0,63
style.css,7,css,573d2f47,iamangeldi,2025-01-17,19:00:49,-08:00,2025-01-17T19:00:49-08:00,0,0
style.css,8,css,573d2f47,iamangeldi,2025-01-17,19:00:49,-08:00,2025-01-17T19:00:49-08:00,0,0
style.css,9,css,00000000,Not Committed Yet,2025-02-14,21:25:56,-08:00,2025-02-14T21:25:56-08:00,0,4
style.css,10,css,00000000,Not Committed Yet,2025-02-14,21:25:56,-08:00,2025-02-14T21:25:56-08:00,0,5
style.css,11,css,573d2f47,iamangeldi,2025-01-17,19:00:49,-08:00,2025-01-17T19:00:49-08:00,0,33
style.css,12,css,573d2f47,iamangeldi,2025-01-17,19:00:49,-08:00,2025-01-17T19:00:49-08:00,0,0
style.css,13,css,573d2f47,iamangeldi,2025-01-17,19:00:49,-08:00,2025-01-17T19:00:49-08:00,0,0
style.css,14,css,af3efbda,iamangeldi,2025-01-17,18:09:01,-08:00,2025-01-17T18:09:01-08:00,0,5
style.css,15,css,573d2f47,iamangeldi,2025-01-17,19:00:49,-08:00,2025-01-17T19:00:49-08:00,0,24
style.css,16,css,573d2f47,iamangeldi,2025-01-17,19:00:49,-08:00,2025-01-17T19:00:49-08:00,0,9
style.css,17,css,573d2f47,iamangeldi,2025-01-17,19:00:49,-08:00,2025-01-17T19:00:49-08:00,0,13
style.css,18,css,573d2f47,iamangeldi,2025-01-17,19:00:49,-08:00,2025-01-17T19:00:49-08:00,0,22
style.css,19,css,573d2f47,iamangeldi,2025-01-17,19:00:49,-08:00,2025-01-17T19:00:49-08:00,0,19
style.css,20,css,fbde0893,iamangeldi,2025-01-17,18:36:24,-08:00,2025-01-17T18:36:24-08:00,0,0
style.css,21,css,fbde0893,iamangeldi,2025-01-17,18:36:24,-08:00,2025-01-17T18:36:24-08:00,0,0
style.css,22,css,00000000,Not Committed Yet,2025-02-14,21:25:56,-08:00,2025-02-14T21:25:56-08:00,0,28
style.css,23,css,00000000,Not Committed Yet,2025-02-14,21:25:56,-08:00,2025-02-14T21:25:56-08:00,0,16
style.css,24,css,00000000,Not Committed Yet,2025-02-14,21:25:56,-08:00,2025-02-14T21:25:56-08:00,0,29
style.css,25,css,fbde0893,iamangeldi,2025-01-17,18:36:24,-08:00,2025-01-17T18:36:24-08:00,0,4
style.css,26,css,573d2f47,iamangeldi,2025-01-17,19:00:49,-08:00,2025-01-17T19:00:49-08:00,0,13
style.css,27,css,573d2f47,iamangeldi,2025-01-17,19:00:49,-08:00,2025-01-17T19:00:49-08:00,0,29
style.css,28,css,573d2f47,iamangeldi,2025-01-17,19:00:49,-08:00,2025-01-17T19:00:49-08:00,0,19
style.css,29,css,573d2f47,iamangeldi,2025-01-17,19:00:49,-08:00,2025-01-17T19:00:49-08:00,0,12
style.css,30,css,f5996d8a,iamangeldi,2025-01-24,19:05:31,-08:00,2025-01-24T19:05:31-08:00,0,40
style.css,31,css,f5996d8a,iamangeldi,2025-01-24,19:05:31,-08:00,2025-01-24T19:05:31-08:00,0,44
style.css,32,css,573d2f47,iamangeldi,2025-01-17,19:00:49,-08:00,2025-01-17T19:00:49-08:00,0,11
style.css,33,css,573d2f47,iamangeldi,2025-01-17,19:00:49,-08:00,2025-01-17T19:00:49-08:00,0,22
style.css,34,css,573d2f47,iamangeldi,2025-01-17,19:00:49,-08:00,2025-01-17T19:00:49-08:00,0,18
style.css,35,css,fbde0893,iamangeldi,2025-01-17,18:36:24,-08:00,2025-01-17T18:36:24-08:00,0,0
style.css,36,css,fbde0893,iamangeldi,2025-01-17,18:36:24,-08:00,2025-01-17T18:36:24-08:00,0,0
style.css,37,css,00000000,Not Committed Yet,2025-02-14,21:25:56,-08:00,2025-02-14T21:25:56-08:00,0,6
style.css,38,css,fbde0893,iamangeldi,2025-01-17,18:36:24,-08:00,2025-01-17T18:36:24-08:00,0,7
style.css,39,css,573d2f47,iamangeldi,2025-01-17,19:00:49,-08:00,2025-01-17T19:00:49-08:00,0,17
style.css,40,css,fbde0893,iamangeldi,2025-01-17,18:36:24,-08:00,2025-01-17T18:36:24-08:00,0,0
style.css,41,css,fbde0893,iamangeldi,2025-01-17,18:36:24,-08:00,2025-01-17T18:36:24-08:00,0,0
style.css,42,css,fbde0893,iamangeldi,2025-01-17,18:36:24,-08:00,2025-01-17T18:36:24-08:00,0,6
style.css,43,css,573d2f47,iamangeldi,2025-01-17,19:00:49,-08:00,2025-01-17T19:00:49-08:00,0,7
style.css,44,css,573d2f47,iamangeldi,2025-01-17,19:00:49,-08:00,2025-01-17T19:00:49-08:00,0,18
style.css,45,css,573d2f47,iamangeldi,2025-01-17,19:00:49,-08:00,2025-01-17T19:00:49-08:00,0,21
style.css,46,css,573d2f47,iamangeldi,2025-01-17,19:00:49,-08:00,2025-01-17T19:00:49-08:00,0,14
style.css,47,css,573d2f47,iamangeldi,2025-01-17,19:00:49,-08:00,2025-01-17T19:00:49-08:00,0,14
style.css,48,css,f5996d8a,iamangeldi,2025-01-24,19:05:31,-08:00,2025-01-24T19:05:31-08:00,0,52
style.css,49,css,fbde0893,iamangeldi,2025-01-17,18:36:24,-08:00,2025-01-17T18:36:24-08:00,0,0
style.css,50,css,fbde0893,iamangeldi,2025-01-17,18:36:24,-08:00,2025-01-17T18:36:24-08:00,0,0
style.css,51,css,fbde0893,iamangeldi,2025-01-17,18:36:24,-08:00,2025-01-17T18:36:24-08:00,0,14
style.css,52,css,f5996d8a,iamangeldi,2025-01-24,19:05:31,-08:00,2025-01-24T19:05:31-08:00,0,46
style.css,53,css,573d2f47,iamangeldi,2025-01-17,19:00:49,-08:00,2025-01-17T19:00:49-08:00,0,21
style.css,54,css,573d2f47,iamangeldi,2025-01-17,19:00:49,-08:00,2025-01-17T19:00:49-08:00,0,17
style.css,55,css,fbde0893,iamangeldi,2025-01-17,18:36:24,-08:00,2025-01-17T18:36:24-08:00,0,0
style.css,56,css,fbde0893,iamangeldi,2025-01-17,18:36:24,-08:00,2025-01-17T18:36:24-08:00,0,0
style.css,57,css,fbde0893,iamangeldi,2025-01-17,18:36:24,-08:00,2025-01-17T18:36:24-08:00,0,12
style.css,58,css,573d2f47,iamangeldi,2025-01-17,19:00:49,-08:00,2025-01-17T19:00:49-08:00,0,46
style.css,59,css,f5996d8a,iamangeldi,2025-01-24,19:05:31,-08:00,2025-01-24T19:05:31-08:00,0,70
style.css,60,css,f5996d8a,iamangeldi,2025-01-24,19:05:31,-08:00,2025-01-24T19:05:31-08:00,0,0
style.css,61,css,f5996d8a,iamangeldi,2025-01-24,19:05:31,-08:00,2025-01-24T19:05:31-08:00,0,0
style.css,62,css,00000000,Not Committed Yet,2025-02-14,21:25:56,-08:00,2025-02-14T21:25:56-08:00,0,28
style.css,63,css,00000000,Not Committed Yet,2025-02-14,21:25:56,-08:00,2025-02-14T21:25:56-08:00,0,20
style.css,64,css,00000000,Not Committed Yet,2025-02-14,21:25:56,-08:00,2025-02-14T21:25:56-08:00,0,29
style.css,65,css,f5996d8a,iamangeldi,2025-01-24,19:05:31,-08:00,2025-01-24T19:05:31-08:00,0,14
style.css,66,css,f5996d8a,iamangeldi,2025-01-24,19:05:31,-08:00,2025-01-24T19:05:31-08:00,0,18
style.css,67,css,f5996d8a,iamangeldi,2025-01-24,19:05:31,-08:00,2025-01-24T19:05:31-08:00,0,9
style.css,68,css,f5996d8a,iamangeldi,2025-01-24,19:05:31,-08:00,2025-01-24T19:05:31-08:00,0,11
style.css,69,css,00000000,Not Committed Yet,2025-02-14,21:25:56,-08:00,2025-02-14T21:25:56-08:00,0,14
style.css,70,css,00000000,Not Committed Yet,2025-02-14,21:25:56,-08:00,2025-02-14T21:25:56-08:00,0,20
style.css,71,css,f5996d8a,iamangeldi,2025-01-24,19:05:31,-08:00,2025-01-24T19:05:31-08:00,0,0
style.css,72,css,f5996d8a,iamangeldi,2025-01-24,19:05:31,-08:00,2025-01-24T19:05:31-08:00,0,0
style.css,73,css,f5996d8a,iamangeldi,2025-01-24,19:05:31,-08:00,2025-01-24T19:05:31-08:00,0,21
style.css,74,css,00000000,Not Committed Yet,2025-02-14,21:25:56,-08:00,2025-02-14T21:25:56-08:00,0,13
style.css,75,css,f5996d8a,iamangeldi,2025-01-24,19:05:31,-08:00,2025-01-24T19:05:31-08:00,0,20
style.css,76,css,f5996d8a,iamangeldi,2025-01-24,19:05:31,-08:00,2025-01-24T19:05:31-08:00,0,37
style.css,77,css,f5996d8a,iamangeldi,2025-01-24,19:05:31,-08:00,2025-01-24T19:05:31-08:00,0,18
style.css,78,css,f5996d8a,iamangeldi,2025-01-24,19:05:31,-08:00,2025-01-24T19:05:31-08:00,0,37
style.css,79,css,f5996d8a,iamangeldi,2025-01-24,19:05:31,-08:00,2025-01-24T19:05:31-08:00,0,12
style.css,80,css,f5996d8a,iamangeldi,2025-01-24,19:05:31,-08:00,2025-01-24T19:05:31-08:00,0,15
style.css,81,css,f5996d8a,iamangeldi,2025-01-24,19:05:31,-08:00,2025-01-24T19:05:31-08:00,0,0
style.css,82,css,f5996d8a,iamangeldi,2025-01-24,19:05:31,-08:00,2025-01-24T19:05:31-08:00,0,0
style.css,83,css,f5996d8a,iamangeldi,2025-01-24,19:05:31,-08:00,2025-01-24T19:05:31-08:00,0,27
style.css,84,css,f5996d8a,iamangeldi,2025-01-24,19:05:31,-08:00,2025-01-24T19:05:31-08:00,0,13
style.css,85,css,f5996d8a,iamangeldi,2025-01-24,19:05:31,-08:00,2025-01-24T19:05:31-08:00,0,39
style.css,86,css,573d2f47,iamangeldi,2025-01-17,19:00:49,-08:00,2025-01-17T19:00:49-08:00,0,0
style.css,87,css,573d2f47,iamangeldi,2025-01-17,19:00:49,-08:00,2025-01-17T19:00:49-08:00,0,0
style.css,88,css,00000000,Not Committed Yet,2025-02-14,21:25:56,-08:00,2025-02-14T21:25:56-08:00,0,28
style.css,89,css,00000000,Not Committed Yet,2025-02-14,21:25:56,-08:00,2025-02-14T21:25:56-08:00,0,16
style.css,90,css,00000000,Not Committed Yet,2025-02-14,21:25:56,-08:00,2025-02-14T21:25:56-08:00,0,29
style.css,91,css,573d2f47,iamangeldi,2025-01-17,19:00:49,-08:00,2025-01-17T19:00:49-08:00,0,16
style.css,92,css,573d2f47,iamangeldi,2025-01-17,19:00:49,-08:00,2025-01-17T19:00:49-08:00,0,18
style.css,93,css,573d2f47,iamangeldi,2025-01-17,19:00:49,-08:00,2025-01-17T19:00:49-08:00,0,11
style.css,94,css,00000000,Not Committed Yet,2025-02-14,21:25:56,-08:00,2025-02-14T21:25:56-08:00,0,16
style.css,95,css,00000000,Not Committed Yet,2025-02-14,21:25:56,-08:00,2025-02-14T21:25:56-08:00,0,18
style.css,96,css,fbde0893,iamangeldi,2025-01-17,18:36:24,-08:00,2025-01-17T18:36:24-08:00,0,0
style.css,97,css,fbde0893,iamangeldi,2025-01-17,18:36:24,-08:00,2025-01-17T18:36:24-08:00,0,0
style.css,98,css,00000000,Not Committed Yet,2025-02-14,21:25:56,-08:00,2025-02-14T21:25:56-08:00,0,2
style.css,99,css,00000000,Not Committed Yet,2025-02-14,21:25:56,-08:00,2025-02-14T21:25:56-08:00,0,2
style.css,100,css,00000000,Not Committed Yet,2025-02-14,21:25:56,-08:00,2025-02-14T21:25:56-08:00,0,2
style.css,101,css,00000000,Not Committed Yet,2025-02-14,21:25:56,-08:00,2025-02-14T21:25:56-08:00,0,2
style.css,102,css,00000000,Not Committed Yet,2025-02-14,21:25:56,-08:00,2025-02-14T21:25:56-08:00,0,2
style.css,103,css,00000000,Not Committed Yet,2025-02-14,21:25:56,-08:00,2025-02-14T21:25:56-08:00,0,3
style.css,104,css,00000000,Not Committed Yet,2025-02-14,21:25:56,-08:00,2025-02-14T21:25:56-08:00,0,16
style.css,105,css,00000000,Not Committed Yet,2025-02-14,21:25:56,-08:00,2025-02-14T21:25:56-08:00,0,18
style.css,106,css,00000000,Not Committed Yet,2025-02-14,21:25:56,-08:00,2025-02-14T21:25:56-08:00,0,0
style.css,107,css,00000000,Not Committed Yet,2025-02-14,21:25:56,-08:00,2025-02-14T21:25:56-08:00,0,0
style.css,108,css,00000000,Not Committed Yet,2025-02-14,21:25:56,-08:00,2025-02-14T21:25:56-08:00,0,3
style.css,109,css,00000000,Not Committed Yet,2025-02-14,21:25:56,-08:00,2025-02-14T21:25:56-08:00,0,15
style.css,110,css,00000000,Not Committed Yet,2025-02-14,21:25:56,-08:00,2025-02-14T21:25:56-08:00,0,20
style.css,111,css,00000000,Not Committed Yet,2025-02-14,21:25:56,-08:00,2025-02-14T21:25:56-08:00,0,0
style.css,112,css,00000000,Not Committed Yet,2025-02-14,21:25:56,-08:00,2025-02-14T21:25:56-08:00,0,0
style.css,113,css,00000000,Not Committed Yet,2025-02-14,21:25:56,-08:00,2025-02-14T21:25:56-08:00,0,3
style.css,114,css,00000000,Not Committed Yet,2025-02-14,21:25:56,-08:00,2025-02-14T21:25:56-08:00,0,15
style.css,115,css,00000000,Not Committed Yet,2025-02-14,21:25:56,-08:00,2025-02-14T21:25:56-08:00,0,0
style.css,116,css,00000000,Not Committed Yet,2025-02-14,21:25:56,-08:00,2025-02-14T21:25:56-08:00,0,0
style.css,117,css,00000000,Not Committed Yet,2025-02-14,21:25:56,-08:00,2025-02-14T21:25:56-08:00,0,28
style.css,118,css,00000000,Not Committed Yet,2025-02-14,21:25:56,-08:00,2025-02-14T21:25:56-08:00,0,14
style.css,119,css,00000000,Not Committed Yet,2025-02-14,21:25:56,-08:00,2025-02-14T21:25:56-08:00,0,29
style.css,120,css,573d2f47,iamangeldi,2025-01-17,19:00:49,-08:00,2025-01-17T19:00:49-08:00,0,5
style.css,121,css,573d2f47,iamangeldi,2025-01-17,19:00:49,-08:00,2025-01-17T19:00:49-08:00,0,13
style.css,122,css,573d2f47,iamangeldi,2025-01-17,19:00:49,-08:00,2025-01-17T19:00:49-08:00,0,31
style.css,123,css,573d2f47,iamangeldi,2025-01-17,19:00:49,-08:00,2025-01-17T19:00:49-08:00,0,8
style.css,124,css,573d2f47,iamangeldi,2025-01-17,19:00:49,-08:00,2025-01-17T19:00:49-08:00,0,11
style.css,125,css,573d2f47,iamangeldi,2025-01-17,19:00:49,-08:00,2025-01-17T19:00:49-08:00,0,16
style.css,126,css,573d2f47,iamangeldi,2025-01-17,19:00:49,-08:00,2025-01-17T19:00:49-08:00,0,14
style.css,127,css,fbde0893,iamangeldi,2025-01-17,18:36:24,-08:00,2025-01-17T18:36:24-08:00,0,0
style.css,128,css,fbde0893,iamangeldi,2025-01-17,18:36:24,-08:00,2025-01-17T18:36:24-08:00,0,0
style.css,129,css,fbde0893,iamangeldi,2025-01-17,18:36:24,-08:00,2025-01-17T18:36:24-08:00,0,11
style.css,130,css,573d2f47,iamangeldi,2025-01-17,19:00:49,-08:00,2025-01-17T19:00:49-08:00,0,17
style.css,131,css,573d2f47,iamangeldi,2025-01-17,19:00:49,-08:00,2025-01-17T19:00:49-08:00,0,18
style.css,132,css,573d2f47,iamangeldi,2025-01-17,19:00:49,-08:00,2025-01-17T19:00:49-08:00,0,16
style.css,133,css,573d2f47,iamangeldi,2025-01-17,19:00:49,-08:00,2025-01-17T19:00:49-08:00,0,0
style.css,134,css,573d2f47,iamangeldi,2025-01-17,19:00:49,-08:00,2025-01-17T19:00:49-08:00,0,0
style.css,135,css,00000000,Not Committed Yet,2025-02-14,21:25:56,-08:00,2025-02-14T21:25:56-08:00,0,10
style.css,136,css,573d2f47,iamangeldi,2025-01-17,19:00:49,-08:00,2025-01-17T19:00:49-08:00,0,14
style.css,137,css,573d2f47,iamangeldi,2025-01-17,19:00:49,-08:00,2025-01-17T19:00:49-08:00,0,13
style.css,138,css,573d2f47,iamangeldi,2025-01-17,19:00:49,-08:00,2025-01-17T19:00:49-08:00,0,14
style.css,139,css,573d2f47,iamangeldi,2025-01-17,19:00:49,-08:00,2025-01-17T19:00:49-08:00,0,22
style.css,140,css,573d2f47,iamangeldi,2025-01-17,19:00:49,-08:00,2025-01-17T19:00:49-08:00,0,18
style.css,141,css,573d2f47,iamangeldi,2025-01-17,19:00:49,-08:00,2025-01-17T19:00:49-08:00,0,11
style.css,142,css,573d2f47,iamangeldi,2025-01-17,19:00:49,-08:00,2025-01-17T19:00:49-08:00,0,22
style.css,143,css,fbde0893,iamangeldi,2025-01-17,18:36:24,-08:00,2025-01-17T18:36:24-08:00,0,0
style.css,144,css,fbde0893,iamangeldi,2025-01-17,18:36:24,-08:00,2025-01-17T18:36:24-08:00,0,0
style.css,145,css,fbde0893,iamangeldi,2025-01-17,18:36:24,-08:00,2025-01-17T18:36:24-08:00,0,14
style.css,146,css,573d2f47,iamangeldi,2025-01-17,19:00:49,-08:00,2025-01-17T19:00:49-08:00,0,16
style.css,147,css,573d2f47,iamangeldi,2025-01-17,19:00:49,-08:00,2025-01-17T19:00:49-08:00,0,13
style.css,148,css,fbde0893,iamangeldi,2025-01-17,18:36:24,-08:00,2025-01-17T18:36:24-08:00,0,0
style.css,149,css,fbde0893,iamangeldi,2025-01-17,18:36:24,-08:00,2025-01-17T18:36:24-08:00,0,0
style.css,150,css,fbde0893,iamangeldi,2025-01-17,18:36:24,-08:00,2025-01-17T18:36:24-08:00,0,12
style.css,151,css,573d2f47,iamangeldi,2025-01-17,19:00:49,-08:00,2025-01-17T19:00:49-08:00,0,19
style.css,152,css,573d2f47,iamangeldi,2025-01-17,19:00:49,-08:00,2025-01-17T19:00:49-08:00,0,18
style.css,153,css,573d2f47,iamangeldi,2025-01-17,19:00:49,-08:00,2025-01-17T19:00:49-08:00,0,37
style.css,154,css,573d2f47,iamangeldi,2025-01-17,19:00:49,-08:00,2025-01-17T19:00:49-08:00,0,12
style.css,155,css,573d2f47,iamangeldi,2025-01-17,19:00:49,-08:00,2025-01-17T19:00:49-08:00,0,12
style.css,156,css,573d2f47,iamangeldi,2025-01-17,19:00:49,-08:00,2025-01-17T19:00:49-08:00,0,18
style.css,157,css,573d2f47,iamangeldi,2025-01-17,19:00:49,-08:00,2025-01-17T19:00:49-08:00,0,14
style.css,158,css,573d2f47,iamangeldi,2025-01-17,19:00:49,-08:00,2025-01-17T19:00:49-08:00,0,15
style.css,159,css,573d2f47,iamangeldi,2025-01-17,19:00:49,-08:00,2025-01-17T19:00:49-08:00,0,38
style.css,160,css,fbde0893,iamangeldi,2025-01-17,18:36:24,-08:00,2025-01-17T18:36:24-08:00,0,0
style.css,161,css,fbde0893,iamangeldi,2025-01-17,18:36:24,-08:00,2025-01-17T18:36:24-08:00,0,0
style.css,162,css,573d2f47,iamangeldi,2025-01-17,19:00:49,-08:00,2025-01-17T19:00:49-08:00,0,18
style.css,163,css,573d2f47,iamangeldi,2025-01-17,19:00:49,-08:00,2025-01-17T19:00:49-08:00,0,34
style.css,164,css,fbde0893,iamangeldi,2025-01-17,18:36:24,-08:00,2025-01-17T18:36:24-08:00,0,0
style.css,165,css,fbde0893,iamangeldi,2025-01-17,18:36:24,-08:00,2025-01-17T18:36:24-08:00,0,0
style.css,166,css,00000000,Not Committed Yet,2025-02-14,21:25:56,-08:00,2025-02-14T21:25:56-08:00,0,28
style.css,167,css,00000000,Not Committed Yet,2025-02-14,21:25:56,-08:00,2025-02-14T21:25:56-08:00,0,15
style.css,168,css,00000000,Not Committed Yet,2025-02-14,21:25:56,-08:00,2025-02-14T21:25:56-08:00,0,29
style.css,169,css,573d2f47,iamangeldi,2025-01-17,19:00:49,-08:00,2025-01-17T19:00:49-08:00,0,10
style.css,170,css,573d2f47,iamangeldi,2025-01-17,19:00:49,-08:00,2025-01-17T19:00:49-08:00,0,13
style.css,171,css,573d2f47,iamangeldi,2025-01-17,19:00:49,-08:00,2025-01-17T19:00:49-08:00,0,37
style.css,172,css,573d2f47,iamangeldi,2025-01-17,19:00:49,-08:00,2025-01-17T19:00:49-08:00,0,8
style.css,173,css,573d2f47,iamangeldi,2025-01-17,19:00:49,-08:00,2025-01-17T19:00:49-08:00,0,11
style.css,174,css,573d2f47,iamangeldi,2025-01-17,19:00:49,-08:00,2025-01-17T19:00:49-08:00,0,17
style.css,175,css,573d2f47,iamangeldi,2025-01-17,19:00:49,-08:00,2025-01-17T19:00:49-08:00,0,14
style.css,176,css,573d2f47,iamangeldi,2025-01-17,19:00:49,-08:00,2025-01-17T19:00:49-08:00,0,12
style.css,177,css,fbde0893,iamangeldi,2025-01-17,18:36:24,-08:00,2025-01-17T18:36:24-08:00,0,0
style.css,178,css,fbde0893,iamangeldi,2025-01-17,18:36:24,-08:00,2025-01-17T18:36:24-08:00,0,0
style.css,179,css,573d2f47,iamangeldi,2025-01-17,19:00:49,-08:00,2025-01-17T19:00:49-08:00,0,26
style.css,180,css,573d2f47,iamangeldi,2025-01-17,19:00:49,-08:00,2025-01-17T19:00:49-08:00,0,10
style.css,181,css,573d2f47,iamangeldi,2025-01-17,19:00:49,-08:00,2025-01-17T19:00:49-08:00,0,37
style.css,182,css,573d2f47,iamangeldi,2025-01-17,19:00:49,-08:00,2025-01-17T19:00:49-08:00,0,0
style.css,183,css,573d2f47,iamangeldi,2025-01-17,19:00:49,-08:00,2025-01-17T19:00:49-08:00,0,0
style.css,184,css,573d2f47,iamangeldi,2025-01-17,19:00:49,-08:00,2025-01-17T19:00:49-08:00,0,0
style.css,185,css,573d2f47,iamangeldi,2025-01-17,19:00:49,-08:00,2025-01-17T19:00:49-08:00,0,26
style.css,186,css,573d2f47,iamangeldi,2025-01-17,19:00:49,-08:00,2025-01-17T19:00:49-08:00,0,10
style.css,187,css,573d2f47,iamangeldi,2025-01-17,19:00:49,-08:00,2025-01-17T19:00:49-08:00,0,26
style.css,188,css,573d2f47,iamangeldi,2025-01-17,19:00:49,-08:00,2025-01-17T19:00:49-08:00,0,0
style.css,189,css,573d2f47,iamangeldi,2025-01-17,19:00:49,-08:00,2025-01-17T19:00:49-08:00,0,0
style.css,190,css,573d2f47,iamangeldi,2025-01-17,19:00:49,-08:00,2025-01-17T19:00:49-08:00,0,0
style.css,191,css,573d2f47,iamangeldi,2025-01-17,19:00:49,-08:00,2025-01-17T19:00:49-08:00,0,18
style.css,192,css,573d2f47,iamangeldi,2025-01-17,19:00:49,-08:00,2025-01-17T19:00:49-08:00,0,13
style.css,193,css,00000000,Not Committed Yet,2025-02-14,21:25:56,-08:00,2025-02-14T21:25:56-08:00,0,10
style.css,194,css,573d2f47,iamangeldi,2025-01-17,19:00:49,-08:00,2025-01-17T19:00:49-08:00,0,12
style.css,195,css,573d2f47,iamangeldi,2025-01-17,19:00:49,-08:00,2025-01-17T19:00:49-08:00,0,22
style.css,196,css,573d2f47,iamangeldi,2025-01-17,19:00:49,-08:00,2025-01-17T19:00:49-08:00,0,18
style.css,197,css,573d2f47,iamangeldi,2025-01-17,19:00:49,-08:00,2025-01-17T19:00:49-08:00,0,25
style.css,198,css,573d2f47,iamangeldi,2025-01-17,19:00:49,-08:00,2025-01-17T19:00:49-08:00,0,0
style.css,199,css,573d2f47,iamangeldi,2025-01-17,19:00:49,-08:00,2025-01-17T19:00:49-08:00,0,0
style.css,200,css,00000000,Not Committed Yet,2025-02-14,21:25:56,-08:00,2025-02-14T21:25:56-08:00,0,20
style.css,201,css,00000000,Not Committed Yet,2025-02-14,21:25:56,-08:00,2025-02-14T21:25:56-08:00,0,21
style.css,202,css,573d2f47,iamangeldi,2025-01-17,19:00:49,-08:00,2025-01-17T19:00:49-08:00,0,9
style.css,203,css,573d2f47,iamangeldi,2025-01-17,19:00:49,-08:00,2025-01-17T19:00:49-08:00,0,16
style.css,204,css,573d2f47,iamangeldi,2025-01-17,19:00:49,-08:00,2025-01-17T19:00:49-08:00,0,0
style.css,205,css,573d2f47,iamangeldi,2025-01-17,19:00:49,-08:00,2025-01-17T19:00:49-08:00,0,0
style.css,206,css,573d2f47,iamangeldi,2025-01-17,19:00:49,-08:00,2025-01-17T19:00:49-08:00,0,22
style.css,207,css,573d2f47,iamangeldi,2025-01-17,19:00:49,-08:00,2025-01-17T19:00:49-08:00,0,11
style.css,208,css,573d2f47,iamangeldi,2025-01-17,19:00:49,-08:00,2025-01-17T19:00:49-08:00,0,12
style.css,209,css,573d2f47,iamangeldi,2025-01-17,19:00:49,-08:00,2025-01-17T19:00:49-08:00,0,0
style.css,210,css,573d2f47,iamangeldi,2025-01-17,19:00:49,-08:00,2025-01-17T19:00:49-08:00,0,0
style.css,211,css,573d2f47,iamangeldi,2025-01-17,19:00:49,-08:00,2025-01-17T19:00:49-08:00,0,20
style.css,212,css,00000000,Not Committed Yet,2025-02-14,21:25:56,-08:00,2025-02-14T21:25:56-08:00,0,15
style.css,213,css,573d2f47,iamangeldi,2025-01-17,19:00:49,-08:00,2025-01-17T19:00:49-08:00,0,0
style.css,214,css,573d2f47,iamangeldi,2025-01-17,19:00:49,-08:00,2025-01-17T19:00:49-08:00,0,0
style.css,215,css,00000000,Not Committed Yet,2025-02-14,21:25:56,-08:00,2025-02-14T21:25:56-08:00,0,28
style.css,216,css,00000000,Not Committed Yet,2025-02-14,21:25:56,-08:00,2025-02-14T21:25:56-08:00,0,20
style.css,217,css,00000000,Not Committed Yet,2025-02-14,21:25:56,-08:00,2025-02-14T21:25:56-08:00,0,29
style.css,218,css,00000000,Not Committed Yet,2025-02-14,21:25:56,-08:00,2025-02-14T21:25:56-08:00,0,74
style.css,219,css,00000000,Not Committed Yet,2025-02-14,21:25:56,-08:00,2025-02-14T21:25:56-08:00,0,17
style.css,220,css,00000000,Not Committed Yet,2025-02-14,21:25:56,-08:00,2025-02-14T21:25:56-08:00,0,13
style.css,221,css,00000000,Not Committed Yet,2025-02-14,21:25:56,-08:00,2025-02-14T21:25:56-08:00,0,8
style.css,222,css,00000000,Not Committed Yet,2025-02-14,21:25:56,-08:00,2025-02-14T21:25:56-08:00,0,19
style.css,223,css,00000000,Not Committed Yet,2025-02-14,21:25:56,-08:00,2025-02-14T21:25:56-08:00,0,17
style.css,224,css,573d2f47,iamangeldi,2025-01-17,19:00:49,-08:00,2025-01-17T19:00:49-08:00,0,0
style.css,225,css,573d2f47,iamangeldi,2025-01-17,19:00:49,-08:00,2025-01-17T19:00:49-08:00,0,0
style.css,226,css,00000000,Not Committed Yet,2025-02-14,21:25:56,-08:00,2025-02-14T21:25:56-08:00,0,59
style.css,227,css,00000000,Not Committed Yet,2025-02-14,21:25:56,-08:00,2025-02-14T21:25:56-08:00,0,19
style.css,228,css,00000000,Not Committed Yet,2025-02-14,21:25:56,-08:00,2025-02-14T21:25:56-08:00,0,15
style.css,229,css,00000000,Not Committed Yet,2025-02-14,21:25:56,-08:00,2025-02-14T21:25:56-08:00,0,17
style.css,230,css,573d2f47,iamangeldi,2025-01-17,19:00:49,-08:00,2025-01-17T19:00:49-08:00,0,0
style.css,231,css,573d2f47,iamangeldi,2025-01-17,19:00:49,-08:00,2025-01-17T19:00:49-08:00,0,0
style.css,232,css,00000000,Not Committed Yet,2025-02-14,21:25:56,-08:00,2025-02-14T21:25:56-08:00,0,21
style.css,233,css,00000000,Not Committed Yet,2025-02-14,21:25:56,-08:00,2025-02-14T21:25:56-08:00,0,24
style.css,234,css,00000000,Not Committed Yet,2025-02-14,21:25:56,-08:00,2025-02-14T21:25:56-08:00,0,17
style.css,235,css,00000000,Not Committed Yet,2025-02-14,21:25:56,-08:00,2025-02-14T21:25:56-08:00,0,15
style.css,236,css,00000000,Not Committed Yet,2025-02-14,21:25:56,-08:00,2025-02-14T21:25:56-08:00,0,0
style.css,237,css,00000000,Not Committed Yet,2025-02-14,21:25:56,-08:00,2025-02-14T21:25:56-08:00,0,0
style.css,238,css,00000000,Not Committed Yet,2025-02-14,21:25:56,-08:00,2025-02-14T21:25:56-08:00,0,47
style.css,239,css,00000000,Not Committed Yet,2025-02-14,21:25:56,-08:00,2025-02-14T21:25:56-08:00,0,52
style.css,240,css,00000000,Not Committed Yet,2025-02-14,21:25:56,-08:00,2025-02-14T21:25:56-08:00,0,12
style.css,241,css,00000000,Not Committed Yet,2025-02-14,21:25:56,-08:00,2025-02-14T21:25:56-08:00,0,0
style.css,242,css,00000000,Not Committed Yet,2025-02-14,21:25:56,-08:00,2025-02-14T21:25:56-08:00,0,0
style.css,243,css,00000000,Not Committed Yet,2025-02-14,21:25:56,-08:00,2025-02-14T21:25:56-08:00,0,19
style.css,244,css,00000000,Not Committed Yet,2025-02-14,21:25:56,-08:00,2025-02-14T21:25:56-08:00,0,8
style.css,245,css,00000000,Not Committed Yet,2025-02-14,21:25:56,-08:00,2025-02-14T21:25:56-08:00,0,16
style.css,246,css,00000000,Not Committed Yet,2025-02-14,21:25:56,-08:00,2025-02-14T21:25:56-08:00,0,10
style.css,247,css,00000000,Not Committed Yet,2025-02-14,21:25:56,-08:00,2025-02-14T21:25:56-08:00,0,9
style.css,248,css,00000000,Not Committed Yet,2025-02-14,21:25:56,-08:00,2025-02-14T21:25:56-08:00,0,13
style.css,249,css,00000000,Not Committed Yet,2025-02-14,21:25:56,-08:00,2025-02-14T21:25:56-08:00,0,58
style.css,250,css,00000000,Not Committed Yet,2025-02-14,21:25:56,-08:00,2025-02-14T21:25:56-08:00,0,10
style.css,251,css,00000000,Not Committed Yet,2025-02-14,21:25:56,-08:00,2025-02-14T21:25:56-08:00,0,0
style.css,252,css,00000000,Not Committed Yet,2025-02-14,21:25:56,-08:00,2025-02-14T21:25:56-08:00,0,0
style.css,253,css,00000000,Not Committed Yet,2025-02-14,21:25:56,-08:00,2025-02-14T21:25:56-08:00,0,11
style.css,254,css,00000000,Not Committed Yet,2025-02-14,21:25:56,-08:00,2025-02-14T21:25:56-08:00,0,13
style.css,255,css,00000000,Not Committed Yet,2025-02-14,21:25:56,-08:00,2025-02-14T21:25:56-08:00,0,19
style.css,256,css,00000000,Not Committed Yet,2025-02-14,21:25:56,-08:00,2025-02-14T21:25:56-08:00,0,10
style.css,257,css,00000000,Not Committed Yet,2025-02-14,21:25:56,-08:00,2025-02-14T21:25:56-08:00,0,0
style.css,258,css,00000000,Not Committed Yet,2025-02-14,21:25:56,-08:00,2025-02-14T21:25:56-08:00,0,0
style.css,259,css,00000000,Not Committed Yet,2025-02-14,21:25:56,-08:00,2025-02-14T21:25:56-08:00,0,38
style.css,260,css,00000000,Not Committed Yet,2025-02-14,21:25:56,-08:00,2025-02-14T21:25:56-08:00,0,19
style.css,261,css,00000000,Not Committed Yet,2025-02-14,21:25:56,-08:00,2025-02-14T21:25:56-08:00,0,21
style.css,262,css,00000000,Not Committed Yet,2025-02-14,21:25:56,-08:00,2025-02-14T21:25:56-08:00,0,10
style.css,263,css,00000000,Not Committed Yet,2025-02-14,21:25:56,-08:00,2025-02-14T21:25:56-08:00,0,11
style.css,264,css,00000000,Not Committed Yet,2025-02-14,21:25:56,-08:00,2025-02-14T21:25:56-08:00,0,30
style.css,265,css,00000000,Not Committed Yet,2025-02-14,21:25:56,-08:00,2025-02-14T21:25:56-08:00,0,18
style.css,266,css,00000000,Not Committed Yet,2025-02-14,21:25:56,-08:00,2025-02-14T21:25:56-08:00,0,0
style.css,267,css,00000000,Not Committed Yet,2025-02-14,21:25:56,-08:00,2025-02-14T21:25:56-08:00,0,0
style.css,268,css,00000000,Not Committed Yet,2025-02-14,21:25:56,-08:00,2025-02-14T21:25:56-08:00,0,56
style.css,269,css,00000000,Not Committed Yet,2025-02-14,21:25:56,-08:00,2025-02-14T21:25:56-08:00,0,10
style.css,270,css,00000000,Not Committed Yet,2025-02-14,21:25:56,-08:00,2025-02-14T21:25:56-08:00,0,61
style.css,271,css,00000000,Not Committed Yet,2025-02-14,21:25:56,-08:00,2025-02-14T21:25:56-08:00,0,36
style.css,272,css,00000000,Not Committed Yet,2025-02-14,21:25:56,-08:00,2025-02-14T21:25:56-08:00,0,0
style.css,273,css,00000000,Not Committed Yet,2025-02-14,21:25:56,-08:00,2025-02-14T21:25:56-08:00,0,0
style.css,274,css,00000000,Not Committed Yet,2025-02-14,21:25:56,-08:00,2025-02-14T21:25:56-08:00,0,65
style.css,275,css,00000000,Not Committed Yet,2025-02-14,21:25:56,-08:00,2025-02-14T21:25:56-08:00,0,19
style.css,276,css,00000000,Not Committed Yet,2025-02-14,21:25:56,-08:00,2025-02-14T21:25:56-08:00,0,18
style.css,277,css,573d2f47,iamangeldi,2025-01-17,19:00:49,-08:00,2025-01-17T19:00:49-08:00,0,0
index.html,1,html,051a6455,iamangeldi,2025-01-16,18:43:34,-08:00,2025-01-16T18:43:34-08:00,0,14
index.html,2,html,051a6455,iamangeldi,2025-01-16,18:43:34,-08:00,2025-01-16T18:43:34-08:00,0,15
index.html,3,html,00000000,Not Committed Yet,2025-02-14,21:25:57,-08:00,2025-02-14T21:25:57-08:00,0,5
index.html,4,html,00000000,Not Committed Yet,2025-02-14,21:25:57,-08:00,2025-02-14T21:25:57-08:00,0,23
index.html,5,html,00000000,Not Committed Yet,2025-02-14,21:25:57,-08:00,2025-02-14T21:25:57-08:00,0,71
index.html,6,html,051a6455,iamangeldi,2025-01-16,18:43:34,-08:00,2025-01-16T18:43:34-08:00,0,32
index.html,7,html,00000000,Not Committed Yet,2025-02-14,21:25:57,-08:00,2025-02-14T21:25:57-08:00,0,41
index.html,8,html,00000000,Not Committed Yet,2025-02-14,21:25:57,-08:00,2025-02-14T21:25:57-08:00,0,6
index.html,9,html,00000000,Not Committed Yet,2025-02-14,21:25:57,-08:00,2025-02-14T21:25:57-08:00,0,5
index.html,10,html,00000000,Not Committed Yet,2025-02-14,21:25:57,-08:00,2025-02-14T21:25:57-08:00,0,68
index.html,11,html,28ee2c14,iamangeldi,2025-01-17,18:42:36,-08:00,2025-01-17T18:42:36-08:00,0,27
index.html,12,html,00000000,Not Committed Yet,2025-02-14,21:25:57,-08:00,2025-02-14T21:25:57-08:00,0,26
index.html,13,html,00000000,Not Committed Yet,2025-02-14,21:25:57,-08:00,2025-02-14T21:25:57-08:00,0,51
index.html,14,html,00000000,Not Committed Yet,2025-02-14,21:25:57,-08:00,2025-02-14T21:25:57-08:00,0,3
index.html,15,html,00000000,Not Committed Yet,2025-02-14,21:25:57,-08:00,2025-02-14T21:25:57-08:00,0,38
index.html,16,html,00000000,Not Committed Yet,2025-02-14,21:25:57,-08:00,2025-02-14T21:25:57-08:00,0,27
index.html,17,html,00000000,Not Committed Yet,2025-02-14,21:25:57,-08:00,2025-02-14T21:25:57-08:00,0,32
index.html,18,html,00000000,Not Committed Yet,2025-02-14,21:25:57,-08:00,2025-02-14T21:25:57-08:00,0,1
index.html,19,html,28ee2c14,iamangeldi,2025-01-17,18:42:36,-08:00,2025-01-17T18:42:36-08:00,0,5
index.html,20,html,00000000,Not Committed Yet,2025-02-14,21:25:57,-08:00,2025-02-14T21:25:57-08:00,0,0
index.html,21,html,00000000,Not Committed Yet,2025-02-14,21:25:57,-08:00,2025-02-14T21:25:57-08:00,0,31
index.html,22,html,00000000,Not Committed Yet,2025-02-14,21:25:57,-08:00,2025-02-14T21:25:57-08:00,0,27
index.html,23,html,00000000,Not Committed Yet,2025-02-14,21:25:57,-08:00,2025-02-14T21:25:57-08:00,0,23
index.html,24,html,00000000,Not Committed Yet,2025-02-14,21:25:57,-08:00,2025-02-14T21:25:57-08:00,0,21
index.html,25,html,00000000,Not Committed Yet,2025-02-14,21:25:57,-08:00,2025-02-14T21:25:57-08:00,0,57
index.html,26,html,00000000,Not Committed Yet,2025-02-14,21:25:57,-08:00,2025-02-14T21:25:57-08:00,0,5
index.html,27,html,00000000,Not Committed Yet,2025-02-14,21:25:57,-08:00,2025-02-14T21:25:57-08:00,0,5
index.html,28,html,00000000,Not Committed Yet,2025-02-14,21:25:57,-08:00,2025-02-14T21:25:57-08:00,0,0
index.html,29,html,00000000,Not Committed Yet,2025-02-14,21:25:57,-08:00,2025-02-14T21:25:57-08:00,0,36
index.html,30,html,00000000,Not Committed Yet,2025-02-14,21:25:57,-08:00,2025-02-14T21:25:57-08:00,0,27
index.html,31,html,00000000,Not Committed Yet,2025-02-14,21:25:57,-08:00,2025-02-14T21:25:57-08:00,0,28
index.html,32,html,00000000,Not Committed Yet,2025-02-14,21:25:57,-08:00,2025-02-14T21:25:57-08:00,0,23
index.html,33,html,00000000,Not Committed Yet,2025-02-14,21:25:57,-08:00,2025-02-14T21:25:57-08:00,0,42
index.html,34,html,00000000,Not Committed Yet,2025-02-14,21:25:57,-08:00,2025-02-14T21:25:57-08:00,0,5
index.html,35,html,00000000,Not Committed Yet,2025-02-14,21:25:57,-08:00,2025-02-14T21:25:57-08:00,0,5
index.html,36,html,00000000,Not Committed Yet,2025-02-14,21:25:57,-08:00,2025-02-14T21:25:57-08:00,0,0
index.html,37,html,00000000,Not Committed Yet,2025-02-14,21:25:57,-08:00,2025-02-14T21:25:57-08:00,0,46
index.html,38,html,00000000,Not Committed Yet,2025-02-14,21:25:57,-08:00,2025-02-14T21:25:57-08:00,0,51
index.html,39,html,00000000,Not Committed Yet,2025-02-14,21:25:57,-08:00,2025-02-14T21:25:57-08:00,0,6
index.html,40,html,e38d40b6,iamangeldi,2025-01-17,18:40:59,-08:00,2025-01-17T18:40:59-08:00,0,6
global.js,1,js,f5996d8a,iamangeldi,2025-01-24,19:05:31,-08:00,2025-01-24T19:05:31-08:00,0,26
global.js,2,js,f5996d8a,iamangeldi,2025-01-24,19:05:31,-08:00,2025-01-24T19:05:31-08:00,0,0
global.js,3,js,00000000,Not Committed Yet,2025-02-14,21:25:57,-08:00,2025-02-14T21:25:57-08:00,0,45
global.js,4,js,f5996d8a,iamangeldi,2025-01-24,19:05:31,-08:00,2025-01-24T19:05:31-08:00,0,42
global.js,5,js,f5996d8a,iamangeldi,2025-01-24,19:05:31,-08:00,2025-01-24T19:05:31-08:00,0,53
global.js,6,js,f5996d8a,iamangeldi,2025-01-24,19:05:31,-08:00,2025-01-24T19:05:31-08:00,0,0
global.js,7,js,f5996d8a,iamangeldi,2025-01-24,19:05:31,-08:00,2025-01-24T19:05:31-08:00,0,0
global.js,8,js,00000000,Not Committed Yet,2025-02-14,21:25:57,-08:00,2025-02-14T21:25:57-08:00,0,63
global.js,9,js,00000000,Not Committed Yet,2025-02-14,21:25:57,-08:00,2025-02-14T21:25:57-08:00,0,0
global.js,10,js,f5996d8a,iamangeldi,2025-01-24,19:05:31,-08:00,2025-01-24T19:05:31-08:00,0,12
global.js,11,js,f5996d8a,iamangeldi,2025-01-24,19:05:31,-08:00,2025-01-24T19:05:31-08:00,0,26
global.js,12,js,f5996d8a,iamangeldi,2025-01-24,19:05:31,-08:00,2025-01-24T19:05:31-08:00,0,39
global.js,13,js,f5996d8a,iamangeldi,2025-01-24,19:05:31,-08:00,2025-01-24T19:05:31-08:00,0,37
global.js,14,js,00000000,Not Committed Yet,2025-02-14,21:25:57,-08:00,2025-02-14T21:25:57-08:00,0,73
global.js,15,js,f5996d8a,iamangeldi,2025-01-24,19:05:31,-08:00,2025-01-24T19:05:31-08:00,0,65
global.js,16,js,f5996d8a,iamangeldi,2025-01-24,19:05:31,-08:00,2025-01-24T19:05:31-08:00,0,1
global.js,17,js,f5996d8a,iamangeldi,2025-01-24,19:05:31,-08:00,2025-01-24T19:05:31-08:00,0,0
global.js,18,js,f5996d8a,iamangeldi,2025-01-24,19:05:31,-08:00,2025-01-24T19:05:31-08:00,0,71
global.js,19,js,f5996d8a,iamangeldi,2025-01-24,19:05:31,-08:00,2025-01-24T19:05:31-08:00,0,0
global.js,20,js,f5996d8a,iamangeldi,2025-01-24,19:05:31,-08:00,2025-01-24T19:05:31-08:00,0,39
global.js,21,js,f5996d8a,iamangeldi,2025-01-24,19:05:31,-08:00,2025-01-24T19:05:31-08:00,0,26
global.js,22,js,f5996d8a,iamangeldi,2025-01-24,19:05:31,-08:00,2025-01-24T19:05:31-08:00,0,0
global.js,23,js,f5996d8a,iamangeldi,2025-01-24,19:05:31,-08:00,2025-01-24T19:05:31-08:00,0,21
global.js,24,js,f5996d8a,iamangeldi,2025-01-24,19:05:31,-08:00,2025-01-24T19:05:31-08:00,0,15
global.js,25,js,f5996d8a,iamangeldi,2025-01-24,19:05:31,-08:00,2025-01-24T19:05:31-08:00,0,19
global.js,26,js,f5996d8a,iamangeldi,2025-01-24,19:05:31,-08:00,2025-01-24T19:05:31-08:00,0,65
global.js,27,js,f5996d8a,iamangeldi,2025-01-24,19:05:31,-08:00,2025-01-24T19:05:31-08:00,0,35
global.js,28,js,f5996d8a,iamangeldi,2025-01-24,19:05:31,-08:00,2025-01-24T19:05:31-08:00,0,12
global.js,29,js,f5996d8a,iamangeldi,2025-01-24,19:05:31,-08:00,2025-01-24T19:05:31-08:00,0,21
global.js,30,js,f5996d8a,iamangeldi,2025-01-24,19:05:31,-08:00,2025-01-24T19:05:31-08:00,0,18
global.js,31,js,f5996d8a,iamangeldi,2025-01-24,19:05:31,-08:00,2025-01-24T19:05:31-08:00,0,9
global.js,32,js,f5996d8a,iamangeldi,2025-01-24,19:05:31,-08:00,2025-01-24T19:05:31-08:00,0,59
global.js,33,js,f5996d8a,iamangeldi,2025-01-24,19:05:31,-08:00,2025-01-24T19:05:31-08:00,0,1
global.js,34,js,f5996d8a,iamangeldi,2025-01-24,19:05:31,-08:00,2025-01-24T19:05:31-08:00,0,53
global.js,35,js,f5996d8a,iamangeldi,2025-01-24,19:05:31,-08:00,2025-01-24T19:05:31-08:00,0,13
global.js,36,js,f5996d8a,iamangeldi,2025-01-24,19:05:31,-08:00,2025-01-24T19:05:31-08:00,0,0
global.js,37,js,f5996d8a,iamangeldi,2025-01-24,19:05:31,-08:00,2025-01-24T19:05:31-08:00,0,0
global.js,38,js,f5996d8a,iamangeldi,2025-01-24,19:05:31,-08:00,2025-01-24T19:05:31-08:00,0,32
global.js,39,js,00000000,Not Committed Yet,2025-02-14,21:25:57,-08:00,2025-02-14T21:25:57-08:00,0,12
global.js,40,js,f5996d8a,iamangeldi,2025-01-24,19:05:31,-08:00,2025-01-24T19:05:31-08:00,0,0
global.js,41,js,f5996d8a,iamangeldi,2025-01-24,19:05:31,-08:00,2025-01-24T19:05:31-08:00,0,27
global.js,42,js,f5996d8a,iamangeldi,2025-01-24,19:05:31,-08:00,2025-01-24T19:05:31-08:00,0,5
global.js,43,js,f5996d8a,iamangeldi,2025-01-24,19:05:31,-08:00,2025-01-24T19:05:31-08:00,0,7
global.js,44,js,f5996d8a,iamangeldi,2025-01-24,19:05:31,-08:00,2025-01-24T19:05:31-08:00,0,44
global.js,45,js,f5996d8a,iamangeldi,2025-01-24,19:05:31,-08:00,2025-01-24T19:05:31-08:00,0,35
global.js,46,js,f5996d8a,iamangeldi,2025-01-24,19:05:31,-08:00,2025-01-24T19:05:31-08:00,0,33
global.js,47,js,f5996d8a,iamangeldi,2025-01-24,19:05:31,-08:00,2025-01-24T19:05:31-08:00,0,8
global.js,48,js,f5996d8a,iamangeldi,2025-01-24,19:05:31,-08:00,2025-01-24T19:05:31-08:00,0,7
global.js,49,js,00000000,Not Committed Yet,2025-02-14,21:25:57,-08:00,2025-02-14T21:25:57-08:00,0,0
global.js,50,js,00000000,Not Committed Yet,2025-02-14,21:25:57,-08:00,2025-02-14T21:25:57-08:00,0,1
global.js,51,js,f5996d8a,iamangeldi,2025-01-24,19:05:31,-08:00,2025-01-24T19:05:31-08:00,0,0
global.js,52,js,f5996d8a,iamangeldi,2025-01-24,19:05:31,-08:00,2025-01-24T19:05:31-08:00,0,37
global.js,53,js,f5996d8a,iamangeldi,2025-01-24,19:05:31,-08:00,2025-01-24T19:05:31-08:00,0,71
global.js,54,js,f5996d8a,iamangeldi,2025-01-24,19:05:31,-08:00,2025-01-24T19:05:31-08:00,0,61
global.js,55,js,f5996d8a,iamangeldi,2025-01-24,19:05:31,-08:00,2025-01-24T19:05:31-08:00,0,38
global.js,56,js,f5996d8a,iamangeldi,2025-01-24,19:05:31,-08:00,2025-01-24T19:05:31-08:00,0,0
global.js,57,js,f5996d8a,iamangeldi,2025-01-24,19:05:31,-08:00,2025-01-24T19:05:31-08:00,0,0
global.js,58,js,f5996d8a,iamangeldi,2025-01-24,19:05:31,-08:00,2025-01-24T19:05:31-08:00,0,61
global.js,59,js,f5996d8a,iamangeldi,2025-01-24,19:05:31,-08:00,2025-01-24T19:05:31-08:00,0,35
global.js,60,js,f5996d8a,iamangeldi,2025-01-24,19:05:31,-08:00,2025-01-24T19:05:31-08:00,0,40
global.js,61,js,f5996d8a,iamangeldi,2025-01-24,19:05:31,-08:00,2025-01-24T19:05:31-08:00,0,0
global.js,62,js,f5996d8a,iamangeldi,2025-01-24,19:05:31,-08:00,2025-01-24T19:05:31-08:00,0,50
global.js,63,js,f5996d8a,iamangeldi,2025-01-24,19:05:31,-08:00,2025-01-24T19:05:31-08:00,0,36
global.js,64,js,f5996d8a,iamangeldi,2025-01-24,19:05:31,-08:00,2025-01-24T19:05:31-08:00,0,36
global.js,65,js,f5996d8a,iamangeldi,2025-01-24,19:05:31,-08:00,2025-01-24T19:05:31-08:00,0,25
global.js,66,js,f5996d8a,iamangeldi,2025-01-24,19:05:31,-08:00,2025-01-24T19:05:31-08:00,0,2
global.js,67,js,00000000,Not Committed Yet,2025-02-14,21:25:57,-08:00,2025-02-14T21:25:57-08:00,0,0
global.js,68,js,00000000,Not Committed Yet,2025-02-14,21:25:57,-08:00,2025-02-14T21:25:57-08:00,0,59
global.js,69,js,00000000,Not Committed Yet,2025-02-14,21:25:57,-08:00,2025-02-14T21:25:57-08:00,0,0
global.js,70,js,00000000,Not Committed Yet,2025-02-14,21:25:57,-08:00,2025-02-14T21:25:57-08:00,0,34
global.js,71,js,00000000,Not Committed Yet,2025-02-14,21:25:57,-08:00,2025-02-14T21:25:57-08:00,0,37
global.js,72,js,00000000,Not Committed Yet,2025-02-14,21:25:57,-08:00,2025-02-14T21:25:57-08:00,0,4
global.js,73,js,00000000,Not Committed Yet,2025-02-14,21:25:57,-08:00,2025-02-14T21:25:57-08:00,0,33
global.js,74,js,00000000,Not Committed Yet,2025-02-14,21:25:57,-08:00,2025-02-14T21:25:57-08:00,0,18
global.js,75,js,00000000,Not Committed Yet,2025-02-14,21:25:57,-08:00,2025-02-14T21:25:57-08:00,0,67
global.js,76,js,00000000,Not Committed Yet,2025-02-14,21:25:57,-08:00,2025-02-14T21:25:57-08:00,0,0
global.js,77,js,00000000,Not Committed Yet,2025-02-14,21:25:57,-08:00,2025-02-14T21:25:57-08:00,0,34
global.js,78,js,00000000,Not Committed Yet,2025-02-14,21:25:57,-08:00,2025-02-14T21:25:57-08:00,0,11
global.js,79,js,00000000,Not Committed Yet,2025-02-14,21:25:57,-08:00,2025-02-14T21:25:57-08:00,0,16
global.js,80,js,00000000,Not Committed Yet,2025-02-14,21:25:57,-08:00,2025-02-14T21:25:57-08:00,0,60
global.js,81,js,00000000,Not Committed Yet,2025-02-14,21:25:57,-08:00,2025-02-14T21:25:57-08:00,0,0
global.js,82,js,00000000,Not Committed Yet,2025-02-14,21:25:57,-08:00,2025-02-14T21:25:57-08:00,0,0
global.js,83,js,00000000,Not Committed Yet,2025-02-14,21:25:57,-08:00,2025-02-14T21:25:57-08:00,0,0
global.js,84,js,00000000,Not Committed Yet,2025-02-14,21:25:57,-08:00,2025-02-14T21:25:57-08:00,0,69
global.js,85,js,00000000,Not Committed Yet,2025-02-14,21:25:57,-08:00,2025-02-14T21:25:57-08:00,0,80
global.js,86,js,00000000,Not Committed Yet,2025-02-14,21:25:57,-08:00,2025-02-14T21:25:57-08:00,0,24
global.js,87,js,00000000,Not Committed Yet,2025-02-14,21:25:57,-08:00,2025-02-14T21:25:57-08:00,0,31
global.js,88,js,00000000,Not Committed Yet,2025-02-14,21:25:57,-08:00,2025-02-14T21:25:57-08:00,0,0
global.js,89,js,00000000,Not Committed Yet,2025-02-14,21:25:57,-08:00,2025-02-14T21:25:57-08:00,0,54
global.js,90,js,00000000,Not Committed Yet,2025-02-14,21:25:57,-08:00,2025-02-14T21:25:57-08:00,0,40
global.js,91,js,00000000,Not Committed Yet,2025-02-14,21:25:57,-08:00,2025-02-14T21:25:57-08:00,0,60
global.js,92,js,00000000,Not Committed Yet,2025-02-14,21:25:57,-08:00,2025-02-14T21:25:57-08:00,0,6
global.js,93,js,00000000,Not Committed Yet,2025-02-14,21:25:57,-08:00,2025-02-14T21:25:57-08:00,0,0
global.js,94,js,00000000,Not Committed Yet,2025-02-14,21:25:57,-08:00,2025-02-14T21:25:57-08:00,0,0
global.js,95,js,00000000,Not Committed Yet,2025-02-14,21:25:57,-08:00,2025-02-14T21:25:57-08:00,0,30
global.js,96,js,00000000,Not Committed Yet,2025-02-14,21:25:57,-08:00,2025-02-14T21:25:57-08:00,0,49
global.js,97,js,00000000,Not Committed Yet,2025-02-14,21:25:57,-08:00,2025-02-14T21:25:57-08:00,0,20
global.js,98,js,00000000,Not Committed Yet,2025-02-14,21:25:57,-08:00,2025-02-14T21:25:57-08:00,0,50
global.js,99,js,00000000,Not Committed Yet,2025-02-14,21:25:57,-08:00,2025-02-14T21:25:57-08:00,0,50
global.js,100,js,00000000,Not Committed Yet,2025-02-14,21:25:57,-08:00,2025-02-14T21:25:57-08:00,0,28
global.js,101,js,00000000,Not Committed Yet,2025-02-14,21:25:57,-08:00,2025-02-14T21:25:57-08:00,0,69
global.js,102,js,00000000,Not Committed Yet,2025-02-14,21:25:57,-08:00,2025-02-14T21:25:57-08:00,0,1
global.js,103,js,00000000,Not Committed Yet,2025-02-14,21:25:57,-08:00,2025-02-14T21:25:57-08:00,0,37
global.js,104,js,00000000,Not Committed Yet,2025-02-14,21:25:57,-08:00,2025-02-14T21:25:57-08:00,0,2
global.js,105,js,00000000,Not Committed Yet,2025-02-14,21:25:57,-08:00,2025-02-14T21:25:57-08:00,0,0
global.js,106,js,00000000,Not Committed Yet,2025-02-14,21:25:57,-08:00,2025-02-14T21:25:57-08:00,0,0
global.js,107,js,00000000,Not Committed Yet,2025-02-14,21:25:57,-08:00,2025-02-14T21:25:57-08:00,0,48
global.js,108,js,00000000,Not Committed Yet,2025-02-14,21:25:57,-08:00,2025-02-14T21:25:57-08:00,0,48
global.js,109,js,00000000,Not Committed Yet,2025-02-14,21:25:57,-08:00,2025-02-14T21:25:57-08:00,0,66
global.js,110,js,00000000,Not Committed Yet,2025-02-14,21:25:57,-08:00,2025-02-14T21:25:57-08:00,0,0
projects\index.html,1,html,573d2f47,iamangeldi,2025-01-17,19:00:49,-08:00,2025-01-17T19:00:49-08:00,0,14
projects\index.html,2,html,573d2f47,iamangeldi,2025-01-17,19:00:49,-08:00,2025-01-17T19:00:49-08:00,0,15
projects\index.html,3,html,00000000,Not Committed Yet,2025-02-14,21:25:57,-08:00,2025-02-14T21:25:57-08:00,0,5
projects\index.html,4,html,00000000,Not Committed Yet,2025-02-14,21:25:57,-08:00,2025-02-14T21:25:57-08:00,0,23
projects\index.html,5,html,00000000,Not Committed Yet,2025-02-14,21:25:57,-08:00,2025-02-14T21:25:57-08:00,0,70
projects\index.html,6,html,573d2f47,iamangeldi,2025-01-17,19:00:49,-08:00,2025-01-17T19:00:49-08:00,0,22
projects\index.html,7,html,00000000,Not Committed Yet,2025-02-14,21:25:57,-08:00,2025-02-14T21:25:57-08:00,0,44
projects\index.html,8,html,00000000,Not Committed Yet,2025-02-14,21:25:57,-08:00,2025-02-14T21:25:57-08:00,0,6
projects\index.html,9,html,00000000,Not Committed Yet,2025-02-14,21:25:57,-08:00,2025-02-14T21:25:57-08:00,0,5
projects\index.html,10,html,00000000,Not Committed Yet,2025-02-14,21:25:57,-08:00,2025-02-14T21:25:57-08:00,0,52
projects\index.html,11,html,573d2f47,iamangeldi,2025-01-17,19:00:49,-08:00,2025-01-17T19:00:49-08:00,0,27
projects\index.html,12,html,00000000,Not Committed Yet,2025-02-14,21:25:57,-08:00,2025-02-14T21:25:57-08:00,0,19
projects\index.html,13,html,00000000,Not Committed Yet,2025-02-14,21:25:57,-08:00,2025-02-14T21:25:57-08:00,0,0
projects\index.html,14,html,00000000,Not Committed Yet,2025-02-14,21:25:57,-08:00,2025-02-14T21:25:57-08:00,0,24
projects\index.html,15,html,00000000,Not Committed Yet,2025-02-14,21:25:57,-08:00,2025-02-14T21:25:57-08:00,0,28
projects\index.html,16,html,00000000,Not Committed Yet,2025-02-14,21:25:57,-08:00,2025-02-14T21:25:57-08:00,0,59
projects\index.html,17,html,00000000,Not Committed Yet,2025-02-14,21:25:57,-08:00,2025-02-14T21:25:57-08:00,0,23
projects\index.html,18,html,00000000,Not Committed Yet,2025-02-14,21:25:57,-08:00,2025-02-14T21:25:57-08:00,0,5
projects\index.html,19,html,00000000,Not Committed Yet,2025-02-14,21:25:57,-08:00,2025-02-14T21:25:57-08:00,0,0
projects\index.html,20,html,00000000,Not Committed Yet,2025-02-14,21:25:57,-08:00,2025-02-14T21:25:57-08:00,0,40
projects\index.html,21,html,00000000,Not Committed Yet,2025-02-14,21:25:57,-08:00,2025-02-14T21:25:57-08:00,0,5
projects\index.html,22,html,00000000,Not Committed Yet,2025-02-14,21:25:57,-08:00,2025-02-14T21:25:57-08:00,0,16
projects\index.html,23,html,00000000,Not Committed Yet,2025-02-14,21:25:57,-08:00,2025-02-14T21:25:57-08:00,0,12
projects\index.html,24,html,00000000,Not Committed Yet,2025-02-14,21:25:57,-08:00,2025-02-14T21:25:57-08:00,0,27
projects\index.html,25,html,00000000,Not Committed Yet,2025-02-14,21:25:57,-08:00,2025-02-14T21:25:57-08:00,0,32
projects\index.html,26,html,00000000,Not Committed Yet,2025-02-14,21:25:57,-08:00,2025-02-14T21:25:57-08:00,0,1
projects\index.html,27,html,00000000,Not Committed Yet,2025-02-14,21:25:57,-08:00,2025-02-14T21:25:57-08:00,0,0
projects\index.html,28,html,00000000,Not Committed Yet,2025-02-14,21:25:57,-08:00,2025-02-14T21:25:57-08:00,0,27
projects\index.html,29,html,573d2f47,iamangeldi,2025-01-17,19:00:49,-08:00,2025-01-17T19:00:49-08:00,0,5
projects\index.html,30,html,00000000,Not Committed Yet,2025-02-14,21:25:57,-08:00,2025-02-14T21:25:57-08:00,0,0
projects\index.html,31,html,00000000,Not Committed Yet,2025-02-14,21:25:57,-08:00,2025-02-14T21:25:57-08:00,0,49
projects\index.html,32,html,00000000,Not Committed Yet,2025-02-14,21:25:57,-08:00,2025-02-14T21:25:57-08:00,0,48
projects\index.html,33,html,00000000,Not Committed Yet,2025-02-14,21:25:57,-08:00,2025-02-14T21:25:57-08:00,0,6
projects\index.html,34,html,573d2f47,iamangeldi,2025-01-17,19:00:49,-08:00,2025-01-17T19:00:49-08:00,0,6
contact\index.html,1,html,573d2f47,iamangeldi,2025-01-17,19:00:49,-08:00,2025-01-17T19:00:49-08:00,0,14
contact\index.html,2,html,573d2f47,iamangeldi,2025-01-17,19:00:49,-08:00,2025-01-17T19:00:49-08:00,0,15
contact\index.html,3,html,00000000,Not Committed Yet,2025-02-14,21:26:00,-08:00,2025-02-14T21:26:00-08:00,0,5
contact\index.html,4,html,00000000,Not Committed Yet,2025-02-14,21:26:00,-08:00,2025-02-14T21:26:00-08:00,0,23
contact\index.html,5,html,00000000,Not Committed Yet,2025-02-14,21:26:00,-08:00,2025-02-14T21:26:00-08:00,0,71
contact\index.html,6,html,573d2f47,iamangeldi,2025-01-17,19:00:49,-08:00,2025-01-17T19:00:49-08:00,0,21
contact\index.html,7,html,00000000,Not Committed Yet,2025-02-14,21:26:00,-08:00,2025-02-14T21:26:00-08:00,0,44
contact\index.html,8,html,00000000,Not Committed Yet,2025-02-14,21:26:00,-08:00,2025-02-14T21:26:00-08:00,0,6
contact\index.html,9,html,00000000,Not Committed Yet,2025-02-14,21:26:00,-08:00,2025-02-14T21:26:00-08:00,0,5
contact\index.html,10,html,00000000,Not Committed Yet,2025-02-14,21:26:00,-08:00,2025-02-14T21:26:00-08:00,0,68
contact\index.html,11,html,573d2f47,iamangeldi,2025-01-17,19:00:49,-08:00,2025-01-17T19:00:49-08:00,0,27
contact\index.html,12,html,00000000,Not Committed Yet,2025-02-14,21:26:00,-08:00,2025-02-14T21:26:00-08:00,0,18
contact\index.html,13,html,00000000,Not Committed Yet,2025-02-14,21:26:00,-08:00,2025-02-14T21:26:00-08:00,0,5
contact\index.html,14,html,00000000,Not Committed Yet,2025-02-14,21:26:00,-08:00,2025-02-14T21:26:00-08:00,0,37
contact\index.html,15,html,00000000,Not Committed Yet,2025-02-14,21:26:00,-08:00,2025-02-14T21:26:00-08:00,0,5
contact\index.html,16,html,00000000,Not Committed Yet,2025-02-14,21:26:00,-08:00,2025-02-14T21:26:00-08:00,0,11
contact\index.html,17,html,00000000,Not Committed Yet,2025-02-14,21:26:00,-08:00,2025-02-14T21:26:00-08:00,0,9
contact\index.html,18,html,00000000,Not Committed Yet,2025-02-14,21:26:00,-08:00,2025-02-14T21:26:00-08:00,0,11
contact\index.html,19,html,00000000,Not Committed Yet,2025-02-14,21:26:00,-08:00,2025-02-14T21:26:00-08:00,0,29
contact\index.html,20,html,00000000,Not Committed Yet,2025-02-14,21:26:00,-08:00,2025-02-14T21:26:00-08:00,0,7
contact\index.html,21,html,00000000,Not Committed Yet,2025-02-14,21:26:00,-08:00,2025-02-14T21:26:00-08:00,0,1
contact\index.html,22,html,573d2f47,iamangeldi,2025-01-17,19:00:49,-08:00,2025-01-17T19:00:49-08:00,0,0
contact\index.html,23,html,00000000,Not Committed Yet,2025-02-14,21:26:00,-08:00,2025-02-14T21:26:00-08:00,0,36
contact\index.html,24,html,00000000,Not Committed Yet,2025-02-14,21:26:00,-08:00,2025-02-14T21:26:00-08:00,0,5
contact\index.html,25,html,00000000,Not Committed Yet,2025-02-14,21:26:00,-08:00,2025-02-14T21:26:00-08:00,0,10
contact\index.html,26,html,00000000,Not Committed Yet,2025-02-14,21:26:00,-08:00,2025-02-14T21:26:00-08:00,0,11
contact\index.html,27,html,00000000,Not Committed Yet,2025-02-14,21:26:00,-08:00,2025-02-14T21:26:00-08:00,0,13
contact\index.html,28,html,00000000,Not Committed Yet,2025-02-14,21:26:00,-08:00,2025-02-14T21:26:00-08:00,0,30
contact\index.html,29,html,00000000,Not Committed Yet,2025-02-14,21:26:00,-08:00,2025-02-14T21:26:00-08:00,0,7
contact\index.html,30,html,00000000,Not Committed Yet,2025-02-14,21:26:00,-08:00,2025-02-14T21:26:00-08:00,0,1
contact\index.html,31,html,573d2f47,iamangeldi,2025-01-17,19:00:49,-08:00,2025-01-17T19:00:49-08:00,0,0
contact\index.html,32,html,00000000,Not Committed Yet,2025-02-14,21:26:00,-08:00,2025-02-14T21:26:00-08:00,0,36
contact\index.html,33,html,00000000,Not Committed Yet,2025-02-14,21:26:00,-08:00,2025-02-14T21:26:00-08:00,0,8
contact\index.html,34,html,00000000,Not Committed Yet,2025-02-14,21:26:00,-08:00,2025-02-14T21:26:00-08:00,0,11
contact\index.html,35,html,00000000,Not Committed Yet,2025-02-14,21:26:00,-08:00,2025-02-14T21:26:00-08:00,0,13
contact\index.html,36,html,00000000,Not Committed Yet,2025-02-14,21:26:00,-08:00,2025-02-14T21:26:00-08:00,0,36
contact\index.html,37,html,00000000,Not Committed Yet,2025-02-14,21:26:00,-08:00,2025-02-14T21:26:00-08:00,0,7
contact\index.html,38,html,00000000,Not Committed Yet,2025-02-14,21:26:00,-08:00,2025-02-14T21:26:00-08:00,0,11
contact\index.html,39,html,573d2f47,iamangeldi,2025-01-17,19:00:49,-08:00,2025-01-17T19:00:49-08:00,0,0
contact\index.html,40,html,00000000,Not Committed Yet,2025-02-14,21:26:00,-08:00,2025-02-14T21:26:00-08:00,0,34
contact\index.html,41,html,00000000,Not Committed Yet,2025-02-14,21:26:00,-08:00,2025-02-14T21:26:00-08:00,0,6
contact\index.html,42,html,573d2f47,iamangeldi,2025-01-17,19:00:49,-08:00,2025-01-17T19:00:49-08:00,0,5
contact\index.html,43,html,00000000,Not Committed Yet,2025-02-14,21:26:00,-08:00,2025-02-14T21:26:00-08:00,0,49
contact\index.html,44,html,00000000,Not Committed Yet,2025-02-14,21:26:00,-08:00,2025-02-14T21:26:00-08:00,0,6
contact\index.html,45,html,573d2f47,iamangeldi,2025-01-17,19:00:49,-08:00,2025-01-17T19:00:49-08:00,0,6
